{
  "base_model": "models/best.joblib",
  "splits": {
    "n_total": 29163,
    "n_eval": 14581,
    "n_calib": 14582
  },
  "uncalibrated_eval": {
    "roc_auc": 0.8637661057069485,
    "pr_auc": 0.6778042362835922,
    "brier": 0.15186546905601217,
    "log_loss": 0.47384891821175257
  },
  "platt_eval": {
    "roc_auc": 0.8637661057069485,
    "pr_auc": 0.6778042362835922,
    "brier": 0.11617611674367102,
    "log_loss": 0.37042295815644194
  },
  "isotonic_eval": {
    "roc_auc": 0.8625900798725284,
    "pr_auc": 0.6600393958712205,
    "brier": 0.11537501660102405,
    "log_loss": 0.36602530917499804
  },
  "chosen": {
    "method": "isotonic",
    "metrics": {
      "roc_auc": 0.8625900798725284,
      "pr_auc": 0.6600393958712205,
      "brier": 0.11537501660102405,
      "log_loss": 0.36602530917499804
    }
  },
  "base_threshold": {
    "threshold": 0.51,
    "criterion": "f1",
    "f1": 0.6146591215305848,
    "precision": 0.5476590636254501,
    "recall": 0.7003377341111452,
    "tpr": 0.7003377341111452,
    "fpr": 0.16637230660543978,
    "balanced_acc": 0.7669827137528527,
    "youden": 0.5339654275057054,
    "tp": 2281,
    "fp": 1884,
    "tn": 9440,
    "fn": 976
  },
  "threshold": {
    "threshold": 0.26,
    "criterion": "f1",
    "f1": 0.6131386861313869,
    "precision": 0.5742627345844504,
    "recall": 0.657660423702794,
    "tpr": 0.657660423702794,
    "fpr": 0.1402331331684917,
    "balanced_acc": 0.7587136452671511,
    "youden": 0.5174272905343023,
    "tp": 2142,
    "fp": 1588,
    "tn": 9736,
    "fn": 1115
  },
  "criterion": "f1"
}