{
  "method": "isotonic",
  "threshold": 0.26,
  "criterion": "f1",
  "f1": 0.6131386861313869,
  "precision": 0.5742627345844504,
  "recall": 0.657660423702794,
  "tpr": 0.657660423702794,
  "fpr": 0.1402331331684917,
  "balanced_acc": 0.7587136452671511,
  "youden": 0.5174272905343023,
  "tp": 2142,
  "fp": 1588,
  "tn": 9736,
  "fn": 1115
}